启运港,目的港,航线ID,共舱船公司,正向路径,反向路径,中间时间
日照港,明日数航船期查询东南亚中国台湾中国台湾高雄,192f5ad1b3cf0544497a3cefa450e0ea,SITC(TCX) | EMC(TCX) | YML(TCX),高雄(KAOHSIUNG)[1天] → 台中(TAICHUNG)[1天] → 基隆(KEELUNG)[2天] → 上海(SHANGHAI),天津(TIANJIN)[2天] → 日照港(RIZHAO)[2天] → 连云港(LIANYUNGANG)[3天] → 高雄(KAOHSIUNG),3天
日照港,明日数航船期查询东南亚中国台湾中国台湾高雄,264fe69cbefb6c60b670e995a335798e,WHL(NCT) | 外运集运(NCT),上海(SHANGHAI)[3天] → 大连(DALIAN)[1天] → 天津(TIANJIN)[2天] → 日照港(RIZHAO),高雄(KAOHSIUNG)[1天] → 台中(TAICHUNG)[1天] → 基隆(KEELUNG)[2天] → 上海(SHANGHAI),4天
日照港,明日数航船期查询东南亚中国台湾中国台湾高雄,e986957c57c0ac7a94427c5dcb754460,EMC(HBT),天津(TIANJIN)[2天] → 大连(DALIAN)[4天] → 高雄(KAOHSIUNG)[3天] → 连云港(LIANYUNGANG),日照港(RIZHAO)[6天] → 高雄(KAOHSIUNG)[5天] → 天津(TIANJIN),1天
日照港,明日数航船期查询东南亚中国台湾中国台湾高雄,6eddc70fd98388fd8b7c44a74b4e3adb,COSCO(CTW1) | 泛亚航运(CTW1) | 华冈 | OOCL(NTX),大连(DALIAN)[1天] → 天津(TIANJIN)[2天] → 日照港(RIZHAO)[1天] → 连云港(LIANYUNGANG)[3天] → 基隆(KEELUNG),台中(TAICHUNG)[1天] → 高雄(KAOHSIUNG)[2天] → 宁波(NINGBO)[3天] → 大连(DALIAN),1天
日照港,明日数航船期查询东南亚中国台湾中国台湾高雄,8b84107584188d272bb6a257cf6af675,外运集运(NCT2) | WHL(NT2) | SITC(NCT2),上海(SHANGHAI)[3天] → 天津(TIANJIN)[2天] → 日照港(RIZHAO)[1天] → 连云港(LIANYUNGANG),台中(TAICHUNG)[1天] → 高雄(KAOHSIUNG)[1天] → 基隆(KEELUNG)[2天] → 上海(SHANGHAI),4天
青岛,明日数航船期查询中东印巴红海中东阿联酋杰贝阿里,6a0108cebe48e017d4211a26c12ca659,UNIFEEDER | 锦江航运(JFX) | EMC(JFX) | NEXUS(JFX) | 山东远洋(JFX) | ZIM(GGX) | HORIZON(JFX) | 汇合航运(JJFX) | X-PRESS(JFX) | PEAK(CJS) | NZL(JFX) | TSL(CME) | 长锦(SGX2) | 兴亚(SGX2) | 中联航运(JFX),青岛(QINGDAO)[2天] → 上海(SHANGHAI)[3天] → 宁波(NINGBO)[2天] → 深圳蛇口(SHEKOU),巴生西(PORT KELANG W)[10天] → 杰贝阿里(JEBEL ALI)[8天] → 科伦坡(COLOMBO)[19天] → 青岛(QINGDAO),5天
青岛,明日数航船期查询中东印巴红海中东阿联酋杰贝阿里,6f4824544d04e0471f564154a8289d2b,HPL(AGX) | MAERSK(FM1),天津(TIANJIN)[4天] → 青岛(QINGDAO)[4天] → 釜山新港(BUSAN NEW PORT)[4天] → 宁波(NINGBO)[4天] → 上海(SHANGHAI),丹戎帕拉帕斯(TANJUNG PELEPAS)[11天] → 杰贝阿里(JEBEL ALI)[12天] → 新加坡(SINGAPORE)[8天] → 天津(TIANJIN),9天
青岛,明日数航船期查询中东印巴红海中东阿联酋杰贝阿里,4d44b9849d17009eae1c36b38056e588,MSC(NEW FALCON SERVICE),天津(TIANJIN)[3天] → 釜山新港(BUSAN NEW PORT)[3天] → 青岛(QINGDAO)[3天] → 上海(SHANGHAI)[2天] → 宁波(NINGBO)[2天] → 厦门(XIAMEN)[2天] → 广州南沙(NANSHA)[1天] → 深圳蛇口(SHEKOU),新加坡(SINGAPORE)[11天] → 杰贝阿里(JEBEL ALI)[1天] → 阿布扎比(ABU DHABI)[1天] → 哈马德港(HAMAD PORT)[2天] → 乌姆盖斯尔(UMM QASAR)[6天] → 阿布扎比(ABU DHABI)[21天] → 天津(TIANJIN),5天
青岛,明日数航船期查询中东印巴红海中东阿联酋杰贝阿里,5e089f888998a710e1f2e8241cf440f1,OOCL(ME1) | EMC(AMA) | COSCO(MEX4) | CMA(CIMEX1),青岛(QINGDAO)[3天] → 宁波(NINGBO)[4天] → 深圳蛇口(SHEKOU)[5天] → 新加坡(SINGAPORE)[11天] → 阿布扎比(ABU DHABI),杰贝阿里(JEBEL ALI)[2天] → 哈马德港(HAMAD PORT)[2天] → 达曼(DAMMAM)[18天] → 新加坡(SINGAPORE)[10天] → 青岛(QINGDAO),1天
青岛,明日数航船期查询中东印巴红海中东阿联酋杰贝阿里,1dff14eb35c31fc10a574b924a2a9375,OOCL(ME5) | EMC(CMEX) | COSCO(MEX) | CMA(CIMEX7),青岛(QINGDAO)[2天] → 上海(SHANGHAI)[2天] → 宁波(NINGBO)[4天] → 广州南沙(NANSHA)[4天] → 新加坡(SINGAPORE)[10天] → 杰贝阿里(JEBEL ALI),阿布扎比(ABU DHABI)[2天] → 达曼(DAMMAM)[3天] → 阿布扎比(ABU DHABI)[11天] → 巴生西(PORT KELANG W)[9天] → 青岛(QINGDAO),2天
青岛,明日数航船期查询中东印巴红海中东阿联酋杰贝阿里,708f3ea8438b1d67b7d0434303ddda9e,TSL(MBX),,,
青岛,明日数航船期查询中东印巴红海中东阿联酋杰贝阿里,ec3ded9b6d56bc7d67b8f1d3432a7021,ONE(GS2) | YML(GS2) | HMM(KMP),釜山新港(BUSAN NEW PORT)[5天] → 大连(DALIAN)[2天] → 天津(TIANJIN)[2天] → 青岛(QINGDAO)[3天] → 釜山新港(BUSAN NEW PORT)[4天] → 上海(SHANGHAI)[1天] → 宁波(NINGBO)[3天] → 高雄(KAOHSIUNG)[1天] → 深圳蛇口(SHEKOU)[5天] → 新加坡(SINGAPORE)[10天] → 杰贝阿里(JEBEL ALI)[3天] → 达曼(DAMMAM)[3天] → 朱拜勒(JUBAIL),哈马德港(HAMAD PORT)[2天] → 阿布扎比(ABU DHABI)[1天] → 杰贝阿里(JEBEL ALI)[3天] → 苏哈(SOHAR)[17天] → 新加坡(SINGAPORE)[4天] → 林查班(LAEM CHABANG)[4天] → 盖梅港(CAI MEP)[6天] → 上海(SHANGHAI)[4天] → 釜山新港(BUSAN NEW PORT)[14天] → 长滩(LONG BEACH)[8天] → 奥克兰(OAKLAND)[19天] → 釜山新港(BUSAN NEW PORT),2天
青岛,明日数航船期查询中东印巴红海中东阿联酋杰贝阿里,6f8b58f544dcf075f73909caf9a697fd,VOLTA(MEGA) | SLS(MEGA),青岛(QINGDAO)[2天] → 天津(TIANJIN)[2天] → 大连(DALIAN)[4天] → 上海(SHANGHAI)[2天] → 宁波(NINGBO),广州南沙(NANSHA)[18天] → 杰贝阿里(JEBEL ALI)[3天] → 哈马德港(HAMAD PORT)[2天] → 达曼(DAMMAM)[19天] → 青岛(QINGDAO),4天
青岛,明日数航船期查询中东印巴红海中东阿联酋杰贝阿里,9b731d7b98e37e022e9dc9de528fbe16,WHL(AM1) | RCL(RCG) | PIL(GCS),青岛(QINGDAO)[3天] → 上海(SHANGHAI)[3天] → 宁波(NINGBO)[3天] → 广州南沙(NANSHA)[1天] → 深圳蛇口(SHEKOU),新加坡(SINGAPORE)[9天] → 杰贝阿里(JEBEL ALI)[4天] → 达曼(DAMMAM)[13天] → 新加坡(SINGAPORE)[7天] → 青岛(QINGDAO),6天
青岛,明日数航船期查询中东印巴红海中东阿联酋杰贝阿里,3e393cc4bd64f53235983fa15b1dabf7,可达利(GALEX) | HIKARU | HMM(GLX) | ONE(AG2) | BLPL(GALEX) | GFS(GALEX) | KMTC(AIM) | RCL(RIM12) | TSL(GLX) | 阿联酋(EGLX),釜山新港(BUSAN NEW PORT)[3天] → 青岛(QINGDAO)[4天] → 厦门(XIAMEN)[2天] → 深圳大铲湾(DA CHAN BAY)[6天] → 巴生西(PORT KELANG W),杰贝阿里(JEBEL ALI)[3天] → 达曼(DAMMAM)[2天] → 巴林(BAHRAIN)[18天] → 釜山新港(BUSAN NEW PORT),11天
青岛,明日数航船期查询澳洲澳大利亚澳大利亚布里斯班,d41466a97b2941a2b12e1152ee5037c8,MSC(KANGAROO),青岛(QINGDAO)[5天] → 上海(SHANGHAI)[3天] → 宁波(NINGBO),布里斯班(BRISBANE)[5天] → 悉尼(SYDNEY)[15天] → 青岛(QINGDAO),14天
青岛,明日数航船期查询澳洲澳大利亚澳大利亚布里斯班,776a1b90e31eb28fd83313272e5c8cb6,SLS(SAE) | TSL(CA2) | YML(CA2) | PIL(SAE),青岛(QINGDAO)[2天] → 上海(SHANGHAI)[4天] → 广州南沙(NANSHA)[1天] → 深圳蛇口(SHEKOU),悉尼(SYDNEY)[4天] → 墨尔本(MELBOURNE)[4天] → 布里斯班(BRISBANE)[14天] → 青岛(QINGDAO),13天
青岛,明日数航船期查询澳洲澳大利亚澳大利亚布里斯班,d12fccbf57324c19837208e2424d942e,ONE(AUN) | MAERSK(DRAGON),青岛(QINGDAO)[3天] → 宁波(NINGBO)[3天] → 上海(SHANGHAI)[5天] → 香港(HONG KONG)[1天] → 深圳盐田(YANTIAN),悉尼(SYDNEY)[4天] → 墨尔本(MELBOURNE)[6天] → 布里斯班(BRISBANE)[14天] → 青岛(QINGDAO),13天
青岛,明日数航船期查询澳洲澳大利亚澳大利亚布里斯班,df7be936d08ad85a000b33b9c2c1aa35,CMA(APR2ANL),青岛(QINGDAO)[2天] → 釜山新港(BUSAN NEW PORT)[3天] → 上海(SHANGHAI)[1天] → 宁波(NINGBO)[3天] → 广州南沙(NANSHA)[8天] → 莱城(LAE),蒙托克(PORT MORESBY--MOTUKEA ISLAND)[5天] → 布里斯班(BRISBANE)[3天] → 格拉德斯通(GLADSTONE)[2天] → 汤斯维尔(TOWNSVILLE)[12天] → 青岛(QINGDAO),3天
青岛,明日数航船期查询澳洲澳大利亚澳大利亚布里斯班,787cdd366393fd4cc65b1cb3f699423c,ONE(AUE) | HMM(A1X) | EMC(NEAX) | HPL(NAX),釜山新港(BUSAN NEW PORT)[3天] → 青岛(QINGDAO)[3天] → 上海(SHANGHAI)[2天] → 宁波(NINGBO)[5天] → 深圳盐田(YANTIAN),悉尼(SYDNEY)[4天] → 墨尔本(MELBOURNE)[5天] → 布里斯班(BRISBANE)[14天] → 釜山新港(BUSAN NEW PORT),13天
青岛,明日数航船期查询澳洲澳大利亚澳大利亚布里斯班,e261a57173012c500d65d8ccd487e8c3,ZIM(ZAX) | MSC(PANDA),釜山新港(BUSAN NEW PORT)[3天] → 青岛(QINGDAO)[3天] → 上海(SHANGHAI)[3天] → 宁波(NINGBO)[4天] → 广州南沙(NANSHA)[1天] → 香港(HONG KONG),深圳盐田(YANTIAN)[16天] → 布里斯班(BRISBANE)[4天] → 悉尼(SYDNEY)[4天] → 墨尔本(MELBOURNE)[3天] → 布里斯班(BRISBANE)[14天] → 釜山新港(BUSAN NEW PORT),1天
青岛,明日数航船期查询澳洲澳大利亚澳大利亚布里斯班,d5dfaaf717d6f73bd6008dbb0818e1a9,TSL(CA3SG),,,
青岛,明日数航船期查询澳洲澳大利亚澳大利亚布里斯班,68e8135b70983716c40ca6882c8bad42,OOCL(A3N) | COSCO(A3N) | CMA(A3NANL),横滨(YOKOHAMA)[2天] → 大阪(OSAKA)[3天] → 釜山新港(BUSAN NEW PORT)[3天] → 青岛(QINGDAO)[3天] → 上海(SHANGHAI)[2天] → 宁波(NINGBO),高雄(KAOHSIUNG)[13天] → 墨尔本(MELBOURNE)[4天] → 悉尼(SYDNEY)[3天] → 布里斯班(BRISBANE)[14天] → 横滨(YOKOHAMA),2天
青岛,明日数航船期查询中东印巴红海印巴孟加拉吉大港,5906f55b70e9dbca23e9c0977ea23120,MSC(BENGAL),青岛(QINGDAO)[3天] → 宁波(NINGBO)[2天] → 上海(SHANGHAI)[11天] → 吉大港(CHATTOGRAM),新加坡(SINGAPORE)[1天] → 丹戎帕拉帕斯(TANJUNG PELEPAS)[12天] → 青岛(QINGDAO),6天
青岛,明日数航船期查询中东印巴红海印巴孟加拉吉大港,9869d587c8258fef46fe105cfc72de31,CNC(BBX6CNC) | SITC(CBX2),仁川(INCHON)[2天] → 青岛(QINGDAO)[2天] → 上海(SHANGHAI)[6天] → 胡志明福安港(HOCHIMINH--PHUOC AN),吉大港(CHATTOGRAM)[8天] → 巴生北(PORT KELANG N)[6天] → 厦门(XIAMEN)[4天] → 仁川(INCHON),7天
青岛,明日数航船期查询中东印巴红海印巴孟加拉吉大港,a445dcff8df5ddaecc67970e7226e81c,MAERSK(SH3),横滨(YOKOHAMA)[2天] → 神户(KOBE)[4天] → 青岛(QINGDAO)[2天] → 上海(SHANGHAI)[2天] → 高雄(KAOHSIUNG)[6天] → 巴生北(PORT KELANG N),吉大港(CHATTOGRAM)[10天] → 丹戎帕拉帕斯(TANJUNG PELEPAS)[4天] → 胡志明卡莱港(HOCHIMINH--CAT LAI)[4天] → 深圳盐田(YANTIAN)[4天] → 横滨(YOKOHAMA),4天
青岛,明日数航船期查询拉丁美洲南美东巴西桑托斯,a4f4d495662cedf060a91a81112d4d95,ZIM(ASE) | MAERSK(NEOASAS),青岛(QINGDAO)[4天] → 上海(SHANGHAI)[3天] → 宁波(NINGBO)[4天] → 香港(HONG KONG)[1天] → 深圳盐田(YANTIAN)[28天] → 桑托斯(SANTOS)[2天] → 伊塔普亚(ITAPOA)[5天] → 布宜诺斯艾利斯(BUENOS AIRES),蒙得维的亚(MONTEVIDEO)[3天] → 伊塔普亚(ITAPOA)[2天] → 巴拉那瓜(PARANAGUA)[1天] → 桑托斯(SANTOS)[26天] → 新加坡(SINGAPORE)[5天] → 香港(HONG KONG)[4天] → 青岛(QINGDAO),3天
青岛,明日数航船期查询拉丁美洲南美东巴西桑托斯,829724574b0430e56ff2877b214ab3bd,CMA(SEAS3),上海(SHANGHAI)[4天] → 深圳蛇口(SHEKOU)[5天] → 盖梅港(CAI MEP)[3天] → 新加坡(SINGAPORE),桑托斯(SANTOS)[4天] → 伊塔雅伊(ITAJAI)[24天] → 新加坡(SINGAPORE)[9天] → 上海(SHANGHAI),28天
青岛,明日数航船期查询拉丁美洲南美东巴西桑托斯,5b7a60a1a7ae6739bdabfbb663b48757,MSC(CARIOCA),青岛(QINGDAO)[3天] → 釜山新港(BUSAN NEW PORT)[2天] → 宁波(NINGBO)[2天] → 上海(SHANGHAI)[5天] → 深圳蛇口(SHEKOU)[6天] → 新加坡(SINGAPORE)[6天] → 维津贾姆港(VIZHINJAM)[20天] → 里约热内卢(RIO DE JANEIRO)[4天] → 桑托斯(SANTOS)[1天] → 巴拉那瓜(PARANAGUA)[3天] → 伊塔普亚(ITAPOA)[2天] → 伊塔雅伊(ITAJAI),布宜诺斯艾利斯(BUENOS AIRES)[3天] → 里奥格兰德(RIO GRANDE)[2天] → 伊塔雅伊(ITAJAI)[1天] → 纳维根特斯(NAVEGANTES)[3天] → 巴拉那瓜(PARANAGUA)[1天] → 桑托斯(SANTOS)[3天] → 里约热内卢(RIO DE JANEIRO)[10天] → 鲸湾港(WALVIS BAY)[17天] → 阿布扎比(ABU DHABI)[10天] → 新加坡(SINGAPORE)[11天] → 青岛(QINGDAO),4天
青岛,明日数航船期查询拉丁美洲南美东巴西桑托斯,520d816a2600aabc9a0ee131be5f8bb1,HMM(FIL),青岛(QINGDAO)[2天] → 釜山新港(BUSAN NEW PORT)[3天] → 上海(SHANGHAI)[1天] → 宁波(NINGBO)[3天] → 深圳蛇口(SHEKOU)[10天] → 卡图帕里(KATTUPALLI)[22天] → 桑托斯(SANTOS),里奥格兰德(RIO GRANDE)[5天] → 巴拉那瓜(PARANAGUA)[1天] → 纳维根特斯(NAVEGANTES)[27天] → 新加坡(SINGAPORE)[3天] → 香港(HONG KONG)[3天] → 青岛(QINGDAO),4天
青岛,明日数航船期查询拉丁美洲南美东巴西桑托斯,d04dfed14db3deb0be99e30ad546155a,MSC(SANTANA SERVICE),深圳盐田(YANTIAN)[3天] → 宁波(NINGBO)[1天] → 上海(SHANGHAI)[2天] → 青岛(QINGDAO)[5天] → 釜山新港(BUSAN NEW PORT)[23天] → 克里斯托瓦尔(CRISTOBAL)[7天] → 考赛多(CAUCEDO),培森(PECEM)[3天] → 苏阿普(SUAPE)[2天] → 萨尔瓦多(SALVADOR)[7天] → 桑托斯(SANTOS)[22天] → 汉班托塔(HAMBANTOTA)[13天] → 深圳盐田(YANTIAN),10天
青岛,明日数航船期查询拉丁美洲南美东巴西桑托斯,4d03a89ceaf1d5cd2275faf7aaeeb486,CMA(SEAS2) | COSCO(ESA2) | EMC(ESA3) | OOCL(TLA2) | PIL(ES2) | YML(SA5),天津(TIANJIN)[2天] → 青岛(QINGDAO)[3天] → 上海(SHANGHAI)[1天] → 宁波(NINGBO)[4天] → 深圳蛇口(SHEKOU)[4天] → 新加坡(SINGAPORE)[27天] → 里约热内卢(RIO DE JANEIRO)[2天] → 桑托斯(SANTOS)[3天] → 巴拉那瓜(PARANAGUA),伊塔普亚(ITAPOA)[2天] → 纳维根特斯(NAVEGANTES)[2天] → 桑托斯(SANTOS)[3天] → 里约热内卢(RIO DE JANEIRO)[21天] → 科伦坡(COLOMBO)[6天] → 新加坡(SINGAPORE)[5天] → 香港(HONG KONG)[5天] → 天津(TIANJIN),1天
青岛,明日数航船期查询北美洲加拿大加拿大温哥华,d5053f46bb1669eb59c283b1204b4032,ZIM(ZNP) | MSC(CHINOOK),盖梅港(CAI MEP)[3天] → 海防(HAIPHONG)[3天] → 深圳盐田(YANTIAN)[3天] → 宁波(NINGBO)[4天] → 上海(SHANGHAI)[2天] → 青岛(QINGDAO),釜山新港(BUSAN NEW PORT)[11天] → 西雅图(SEATTLE)[3天] → 温哥华(VANCOUVER)[9天] → 鲁珀特港(PRINCE RUPERT)[20天] → 釜山新港(BUSAN NEW PORT)[9天] → 盖梅港(CAI MEP),3天
青岛,明日数航船期查询北美洲加拿大加拿大温哥华,1af24720e153334234cae73820bd6464,CMA(CPNW),深圳盐田(YANTIAN)[2天] → 厦门(XIAMEN)[2天] → 宁波(NINGBO)[1天] → 上海(SHANGHAI)[3天] → 釜山新港(BUSAN NEW PORT),西雅图(SEATTLE)[2天] → 温哥华(VANCOUVER)[5天] → 西雅图(SEATTLE)[19天] → 光阳(KWANGYANG)[6天] → 深圳盐田(YANTIAN),16天
青岛,明日数航船期查询北美洲加拿大加拿大温哥华,78b957c0e02615421f0b717ca14929f7,YML(PN3) | HMM(PN3) | ONE(PN3),青岛(QINGDAO)[3天] → 宁波(NINGBO)[2天] → 上海(SHANGHAI)[4天] → 釜山新港(BUSAN NEW PORT),温哥华(VANCOUVER)[6天] → 塔科马(TACOMA)[21天] → 青岛(QINGDAO),13天
青岛,明日数航船期查询非洲西非刚果黑角,40c0cd42b1148f5cd7fd6b6d4ef0dca5,MAERSK(FEW5),,,
青岛,明日数航船期查询非洲西非刚果黑角,d3921d1455a307ca37ffdfe105d82b45,MAERSK(FEW3) | CMA(WAX),青岛(QINGDAO)[3天] → 光阳(KWANGYANG)[2天] → 上海(SHANGHAI)[1天] → 宁波(NINGBO)[4天] → 深圳蛇口(SHEKOU)[2天] → 广州南沙(NANSHA)[6天] → 新加坡(SINGAPORE)[2天] → 丹戎帕拉帕斯(TANJUNG PELEPAS),特马(TEMA)[5天] → 拉各斯--莱基(LAGOS--LEKKI)[3天] → 阿比让(ABIDJAN)[8天] → 黑角(POINTE NOIRE)[19天] → 科伦坡(COLOMBO)[5天] → 新加坡(SINGAPORE)[9天] → 青岛(QINGDAO),22天
青岛,明日数航船期查询非洲西非刚果黑角,70f556b601a3fdb1599bb5255e29c955,CMA(ASAFGR) | HPL(AWA) | OOCL(WAF4) | MAERSK(FEW6) | COSCO(WAX4),青岛(QINGDAO)[3天] → 上海(SHANGHAI)[1天] → 宁波(NINGBO)[4天] → 广州南沙(NANSHA)[5天] → 丹戎帕拉帕斯(TANJUNG PELEPAS)[2天] → 新加坡(SINGAPORE),黑角(POINTE NOIRE)[4天] → 克里比(KRIBI)[6天] → 罗安达(LUANDA)[6天] → 鲸湾港(WALVIS BAY)[20天] → 新加坡(SINGAPORE)[9天] → 青岛(QINGDAO),24天
青岛,明日数航船期查询拉丁美洲南美西智利圣安东尼奥,f15aaf1496d9312c5061421a5e6f1712,PIL(WS6) | YML(SA8) | WHL(AS2),宁波(NINGBO)[2天] → 上海(SHANGHAI)[3天] → 青岛(QINGDAO)[2天] → 釜山新港(BUSAN NEW PORT)[16天] → 恩塞纳达(ENSENADA)[5天] → 墨西哥曼萨尼约(MANZANILLO),拉萨罗卡德纳斯(LAZARO CARDENAS)[4天] → 库特扎尔(PUERTO QUETZAL)[5天] → 布埃纳文图拉(BUENAVENTURA)[5天] → 卡亚俄(CALLAO)[5天] → 圣安东尼奥(SAN ANTONIO)[27天] → 宁波(NINGBO),3天
青岛,明日数航船期查询拉丁美洲南美西智利圣安东尼奥,f15655e6c7ff3c6aff16956ed715915e,CMA(ACSA2) | COSCO(WSA3) | EMC(WSA3) | OOCL(TLP1) | WHL(WS3),香港(HONG KONG)[1天] → 广州南沙(NANSHA)[1天] → 厦门(XIAMEN)[3天] → 青岛(QINGDAO)[3天] → 宁波(NINGBO)[2天] → 上海(SHANGHAI)[17天] → 墨西哥曼萨尼约(MANZANILLO)[8天] → 钱凯港(CHANCAY),圣安东尼奥(SAN ANTONIO)[11天] → 墨西哥曼萨尼约(MANZANILLO)[19天] → 上海(SHANGHAI)[2天] → 厦门(XIAMEN)[4天] → 海防(HAIPHONG)[2天] → 洋浦港(YANGPUGANG)[2天] → 香港(HONG KONG),9天
青岛,明日数航船期查询拉丁美洲南美西智利圣安东尼奥,a2798a94df9fcbc99bf84a74c87afff7,CMA(ACSA1),上海(SHANGHAI)[2天] → 宁波(NINGBO)[2天] → 青岛(QINGDAO)[3天] → 釜山新港(BUSAN NEW PORT)[30天] → 圣安东尼奥(SAN ANTONIO),钱凯港(CHANCAY)[1天] → 卡亚俄(CALLAO)[4天] → 波索尔哈(POSORJA)[21天] → 横滨(YOKOHAMA)[5天] → 上海(SHANGHAI),9天
青岛,明日数航船期查询拉丁美洲南美西智利圣安东尼奥,da0d84750c1b4f4b43679312dee6c5d0,ZIM(ZAT),天津(TIANJIN)[2天] → 青岛(QINGDAO)[2天] → 上海(SHANGHAI)[2天] → 宁波(NINGBO)[4天] → 厦门(XIAMEN)[1天] → 深圳大铲湾(DA CHAN BAY),布埃纳文图拉(BUENAVENTURA)[3天] → 瓜亚基尔(GUAYAQUIL)[4天] → 卡亚俄(CALLAO)[5天] → 圣安东尼奥(SAN ANTONIO)[30天] → 天津(TIANJIN),24天
青岛,明日数航船期查询拉丁美洲南美西哥伦比亚布埃纳文图拉,8461e17c7414875280135ebccf05141b,HPL(TPM) | MSC(AZTEC) | ONE(AX3) | HMM(NW3),宁波(NINGBO)[2天] → 上海(SHANGHAI)[3天] → 青岛(QINGDAO)[3天] → 釜山新港(BUSAN NEW PORT)[3天] → 横滨(YOKOHAMA)[13天] → 恩塞纳达(ENSENADA)[4天] → 墨西哥曼萨尼约(MANZANILLO)[4天] → 库特扎尔(PUERTO QUETZAL)[4天] → 布埃纳文图拉(BUENAVENTURA)[4天] → 卡亚俄(CALLAO),瓜亚基尔(GUAYAQUIL)[3天] → 布埃纳文图拉(BUENAVENTURA)[5天] → 罗德曼(RODMAN)[3天] → 拉萨罗卡德纳斯(LAZARO CARDENAS)[2天] → 墨西哥曼萨尼约(MANZANILLO)[4天] → 恩塞纳达(ENSENADA)[14天] → 横滨(YOKOHAMA)[4天] → 釜山新港(BUSAN NEW PORT)[6天] → 宁波(NINGBO),3天
青岛,明日数航船期查询拉丁美洲南美西哥伦比亚布埃纳文图拉,07bb71c374963d63e6e1a7624a38c14d,OOCL(TLP5) | COSCO(WSA5),大连(DALIAN)[3天] → 宁波(NINGBO)[1天] → 上海(SHANGHAI)[3天] → 青岛(QINGDAO)[16天] → 恩塞纳达(ENSENADA)[5天] → 墨西哥曼萨尼约(MANZANILLO),拉萨罗卡德纳斯(LAZARO CARDENAS)[7天] → 布埃纳文图拉(BUENAVENTURA)[2天] → 瓜亚基尔(GUAYAQUIL)[3天] → 钱凯港(CHANCAY)[25天] → 上海(SHANGHAI)[3天] → 大连(DALIAN),2天
青岛,明日数航船期查询拉丁美洲南美西哥伦比亚布埃纳文图拉,834d25ad188bd1818ecfed5fe7bbcf6a,OOCL(TLP6) | COSCO(WSA6) | CMA(M2X),深圳蛇口(SHEKOU)[4天] → 宁波(NINGBO)[2天] → 上海(SHANGHAI)[5天] → 天津(TIANJIN)[3天] → 青岛(QINGDAO),釜山新港(BUSAN NEW PORT)[17天] → 墨西哥曼萨尼约(MANZANILLO)[4天] → 拉萨罗卡德纳斯(LAZARO CARDENAS)[6天] → 布埃纳文图拉(BUENAVENTURA)[33天] → 深圳蛇口(SHEKOU),3天
青岛,明日数航船期查询拉丁美洲中美洲多米尼加考赛多,c5b85087c069662ed7444f2fee063d02,CMA(PEX2) | OOCL(TLC1) | COSCO(CAX1),新加坡(SINGAPORE)[4天] → 深圳蛇口(SHEKOU)[1天] → 香港(HONG KONG)[4天] → 宁波(NINGBO)[1天] → 上海(SHANGHAI)[3天] → 青岛(QINGDAO)[3天] → 釜山新港(BUSAN NEW PORT),"巴尔博亚(BALBOA)[2天] → 巴拿马曼萨尼约(MANZANILLO)[2天] → 卡塔赫纳(CARTAGENA)[2天] → 金士顿(KINGSTON,JM)[4天] → 考赛多(CAUCEDO)[37天] → 新加坡(SINGAPORE)",28天
青岛,明日数航船期查询欧洲地西西班牙巴塞罗纳,0e6f60e699cd7fc14f30f042271552bc,MSC(JADE SERVICE),青岛(QINGDAO)[5天] → 釜山新港(BUSAN NEW PORT)[5天] → 宁波(NINGBO)[4天] → 上海(SHANGHAI)[4天] → 厦门(XIAMEN)[2天] → 深圳盐田(YANTIAN)[5天] → 新加坡(SINGAPORE),瓦伦西亚(VALENCIA)[3天] → 巴塞罗纳(BARCELONA)[6天] → 焦亚陶罗(GIOIA TAURO)[28天] → 新加坡(SINGAPORE)[8天] → 上海(SHANGHAI)[5天] → 青岛(QINGDAO),30天
青岛,明日数航船期查询欧洲地西西班牙巴塞罗纳,77a27291bc2119fcba96dc97708a5335,ZIM(ZMP),釜山新港(BUSAN NEW PORT)[2天] → 青岛(QINGDAO)[2天] → 上海(SHANGHAI)[2天] → 宁波(NINGBO)[4天] → 深圳大铲湾(DA CHAN BAY)[3天] → 盖梅港(CAI MEP)[32天] → 瓦伦西亚(VALENCIA),巴塞罗纳(BARCELONA)[2天] → 热那亚(GENOA)[5天] → 阿什杜德(ASHDOD)[2天] → 海法(HAIFA)[44天] → 深圳大铲湾(DA CHAN BAY)[5天] → 釜山新港(BUSAN NEW PORT),2天
青岛,明日数航船期查询欧洲地西西班牙巴塞罗纳,95ecd034ee1ffb3fc24337d54599381e,泰赢(PAX),青岛(QINGDAO)[2天] → 宁波(NINGBO)[4天] → 深圳大铲湾(DA CHAN BAY)[5天] → 巴生北(PORT KELANG N),巴塞罗纳(BARCELONA)[6天] → 科佩尔(KOPER)[41天] → 青岛(QINGDAO),26天
青岛,明日数航船期查询欧洲地西西班牙巴塞罗纳,63f446f5a8bef364d77c87ae2c4b24fe,CMA(MEX) | OOCL(WM2) | EMC(MEX1) | COSCO(AEM2),青岛(QINGDAO)[4天] → 上海(SHANGHAI)[3天] → 宁波(NINGBO)[4天] → 厦门(XIAMEN)[2天] → 广州南沙(NANSHA)[1天] → 深圳蛇口(SHEKOU)[4天] → 盖梅港(CAI MEP),新加坡(SINGAPORE)[30天] → 瓦伦西亚(VALENCIA)[3天] → 巴塞罗纳(BARCELONA)[3天] → 福斯(FOS SUR MER)[4天] → 马尔萨什洛克(MARSAXLOKK)[34天] → 巴生西(PORT KELANG W)[10天] → 青岛(QINGDAO),3天
青岛,明日数航船期查询欧洲地西西班牙瓦伦西亚,f12723708b6de7ebf68e73c2e5b8d73e,EMC(MD2) | CMA(NEWMEX2S) | COSCO(AEM1) | OOCL(WM1),青岛(QINGDAO)[2天] → 上海(SHANGHAI)[2天] → 宁波(NINGBO)[3天] → 高雄(KAOHSIUNG)[2天] → 香港(HONG KONG)[1天] → 深圳盐田(YANTIAN)[5天] → 新加坡(SINGAPORE),比雷埃夫斯(PIRAEUS)[7天] → 热那亚(GENOA)[2天] → 拉斯佩齐亚(LA SPEZIA)[2天] → 福斯(FOS SUR MER)[3天] → 瓦伦西亚(VALENCIA)[31天] → 新加坡(SINGAPORE)[8天] → 青岛(QINGDAO),30天
青岛,明日数航船期查询欧洲欧基港英国费利克斯托,56671fe1f7a0d61c58dcb184add54600,EMC(CES),天津(TIANJIN)[3天] → 宁波(NINGBO)[2天] → 上海(SHANGHAI)[6天] → 深圳盐田(YANTIAN)[5天] → 新加坡(SINGAPORE)[7天] → 科伦坡(COLOMBO),费利克斯托(FELIXSTOWE)[2天] → 安特卫普(ANTWERP)[3天] → 汉堡(HAMBURG)[4天] → 鹿特丹(ROTTERDAM)[33天] → 新加坡(SINGAPORE)[8天] → 天津(TIANJIN),25天
青岛,明日数航船期查询欧洲欧基港英国费利克斯托,3418c96203d2ab4d9b59d58203d9f987,OOCL(LL6) | EMC(CEM) | COSCO(AEU5) | CMA(FAL6),高雄(KAOHSIUNG)[5天] → 青岛(QINGDAO)[3天] → 上海(SHANGHAI)[2天] → 宁波(NINGBO)[2天] → 台北(TAIPEI)[2天] → 深圳盐田(YANTIAN)[5天] → 新加坡(SINGAPORE),鹿特丹(ROTTERDAM)[4天] → 费利克斯托(FELIXSTOWE)[4天] → 汉堡(HAMBURG)[4天] → 鹿特丹(ROTTERDAM)[29天] → 科伦坡(COLOMBO)[4天] → 新加坡(SINGAPORE)[6天] → 高雄(KAOHSIUNG),28天
青岛,明日数航船期查询欧洲欧基港英国费利克斯托,372d480b03eb9f4ec003b7a999372fb0,COSCO(AEU1) | CMA(FAL5) | OOCL(LL1) | EMC(NE1),青岛(QINGDAO)[2天] → 上海(SHANGHAI)[3天] → 宁波(NINGBO)[2天] → 厦门(XIAMEN)[2天] → 深圳盐田(YANTIAN)[5天] → 新加坡(SINGAPORE)[31天] → 费利克斯托(FELIXSTOWE),泽布吕赫(ZEEBRUGGE)[7天] → 格丹斯克(GDANSK)[6天] → 威廉港(WILHELMSHAVEN)[34天] → 新加坡(SINGAPORE)[5天] → 深圳盐田(YANTIAN)[5天] → 青岛(QINGDAO),3天
青岛,明日数航船期查询非洲西非加纳特马,2cc88b764dce9c402b851f45c9962332,ZIM(FA2) | ONE(SW2) | OOCL(WAF3) | COSCO(WAX3),上海(SHANGHAI)[3天] → 青岛(QINGDAO)[2天] → 宁波(NINGBO)[3天] → 厦门(XIAMEN)[2天] → 广州南沙(NANSHA)[6天] → 新加坡(SINGAPORE)[24天] → 阿比让(ABIDJAN),特马(TEMA)[3天] → 拉各斯--阿帕帕(LAGOS--APAPA)[4天] → 拉各斯--莱基(LAGOS--LEKKI)[2天] → 科托努(COTONOU)[3天] → 阿比让(ABIDJAN)[22天] → 新加坡(SINGAPORE)[8天] → 上海(SHANGHAI),2天
青岛,明日数航船期查询非洲西非加纳特马,22da0f43e2ff38298b9d28d7d3ed0744,PIL(SWS),青岛(QINGDAO)[3天] → 上海(SHANGHAI)[2天] → 宁波(NINGBO)[3天] → 广州南沙(NANSHA)[6天] → 新加坡(SINGAPORE)[23天] → 特马(TEMA),洛美(LOME)[2天] → 拉各斯--阿帕帕(LAGOS--APAPA)[4天] → 奥纳(ONNE)[7天] → 阿比让(ABIDJAN)[23天] → 新加坡(SINGAPORE)[9天] → 青岛(QINGDAO),2天
青岛,明日数航船期查询东南亚中国香港中国香港,fe79b6d52a6a40759d7055aa8ad95113,CNC(KCMCNC) | TSL(KCM) | SITC(KCM) | KMTC(KCM),釜山新港(BUSAN NEW PORT)[2天] → 仁川(INCHON)[2天] → 青岛(QINGDAO)[2天] → 上海(SHANGHAI)[4天] → 香港(HONG KONG)[5天] → 巴生西(PORT KELANG W),巴生北(PORT KELANG N)[2天] → 巴西古单(PASIR GUDANG)[5天] → 香港(HONG KONG)[1天] → 深圳蛇口(SHEKOU)[4天] → 釜山新港(BUSAN NEW PORT),1天
青岛,明日数航船期查询东南亚中国香港中国香港,25d32df348b6ebfb776c3c5ca055ab10,YML(CHX) | OOCL(CHL) | RCL(RNV) | KMTC(CT2) | 天敬海运(RNV) | COSCO(CHL),大连(DALIAN)[1天] → 天津(TIANJIN)[2天] → 青岛(QINGDAO)[4天] → 香港(HONG KONG)[1天] → 深圳蛇口(SHEKOU),胡志明卡莱港(HOCHIMINH--CAT LAI)[3天] → 香港(HONG KONG)[1天] → 深圳蛇口(SHEKOU)[4天] → 仁川(INCHON)[2天] → 大连(DALIAN),3天
青岛,明日数航船期查询东南亚中国香港中国香港,1972c79810b65c9e82e2bec7255d180d,EMC(NCS),仁川(INCHON)[1天] → 青岛(QINGDAO)[2天] → 宁波(NINGBO)[3天] → 江阴(JIANGYIN)[2天] → 香港(HONG KONG)[0天] → 深圳盐田(YANTIAN)[5天] → 巴西古单(PASIR GUDANG),巴生北(PORT KELANG N)[1天] → 巴生西(PORT KELANG W)[1天] → 槟城(PENANG)[2天] → 关丹(KUANTAN)[5天] → 香港(HONG KONG)[1天] → 高雄(KAOHSIUNG)[4天] → 仁川(INCHON),1天
青岛,明日数航船期查询东南亚中国香港中国香港,22e24ac52e0d528fffd24339d4dfe08b,EMC(KTP),大连(DALIAN)[1天] → 天津(TIANJIN)[2天] → 青岛(QINGDAO)[4天] → 香港(HONG KONG)[1天] → 深圳蛇口(SHEKOU)[1天] → 高雄(KAOHSIUNG),马尼拉北(MANILA N)[5天] → 林查班(LAEM CHABANG)[4天] → 香港(HONG KONG)[2天] → 台北(TAIPEI)[6天] → 大连(DALIAN),2天
青岛,明日数航船期查询东南亚中国香港中国香港,f8d4003f16e964b0b31ac93217721723,CNC(NCXCNC) | 外运集运(NCX),天津(TIANJIN)[1天] → 大连(DALIAN)[2天] → 青岛(QINGDAO)[1天] → 连云港(LIANYUNGANG)[4天] → 香港(HONG KONG),深圳蛇口(SHEKOU)[3天] → 胡志明卡莱港(HOCHIMINH--CAT LAI)[3天] → 香港(HONG KONG)[6天] → 天津(TIANJIN),1天
青岛,明日数航船期查询东南亚中国香港中国香港,770baa3cde1926da5524586b2fe9ac77,IAL(CV1) | COSCO(CV1) | WHL(CV1),大连(DALIAN)[1天] → 青岛(QINGDAO)[2天] → 上海(SHANGHAI)[4天] → 香港(HONG KONG)[1天] → 深圳蛇口(SHEKOU),岘港(DANANG)[2天] → 胡志明卡莱港(HOCHIMINH--CAT LAI)[4天] → 香港(HONG KONG)[5天] → 大连(DALIAN),2天
青岛,明日数航船期查询东南亚中国香港中国香港,03ec2aad9cb45b44957dfecd49da5d88,WHL(CT1) | 外运集运(CTS1) | 神原汽船(RNT) | YML(NCT) | EMC(NCT) | OOCL(CHL4) | RCL(RNT) | COSCO(NCT) | CNC(CT1CNC),天津(TIANJIN)[1天] → 大连(DALIAN)[2天] → 青岛(QINGDAO)[4天] → 香港(HONG KONG)[1天] → 深圳蛇口(SHEKOU),林查班(LAEM CHABANG)[6天] → 香港(HONG KONG)[2天] → 厦门(XIAMEN)[4天] → 仁川(INCHON)[3天] → 天津(TIANJIN),5天
青岛,明日数航船期查询东南亚中国香港中国香港,edb8a539bc7c792ffa2fb52e8c6fee0d,山东远洋(PH5) | MAERSK(PHI5),天津(TIANJIN)[2天] → 青岛(QINGDAO)[2天] → 连云港(LIANYUNGANG)[5天] → 香港(HONG KONG)[1天] → 广州南沙(NANSHA),林查班(LAEM CHABANG)[7天] → 广州南沙(NANSHA)[2天] → 厦门(XIAMEN)[5天] → 天津(TIANJIN),4天
青岛,明日数航船期查询东南亚中国香港中国香港,8f7dd7048a6e4ddc489aa669790ebdb7,OOCL(HHX2) | CNC(HHX2CNC) | 亚海航运(HHX2),青岛(QINGDAO)[2天] → 上海(SHANGHAI)[4天] → 香港(HONG KONG),海防(HAIPHONG)[2天] → 岘港(DANANG)[4天] → 青岛(QINGDAO),2天
青岛,明日数航船期查询东南亚中国香港中国香港,a4849ec32406c05c3ebfa24de67f1f60,SITC(CKV2),仁川(INCHON)[2天] → 青岛(QINGDAO)[3天] → 威海(WEIHAI)[2天] → 香港(HONG KONG)[3天] → 胡志明卡莱港(HOCHIMINH--CAT LAI)[3天] → 西哈努克(SIHANOUKVILLE),林查班(LAEM CHABANG)[5天] → 海防(HAIPHONG)[2天] → 钦州(QINZHOU)[3天] → 厦门(XIAMEN)[3天] → 仁川(INCHON),2天
青岛,明日数航船期查询东南亚中国香港中国香港,7f91d2264f9cf60ebebc8e44d08d7bdc,TSL(MBX),天津(TIANJIN)[2天] → 大连(DALIAN)[1天] → 青岛(QINGDAO)[1天] → 连云港(LIANYUNGANG)[4天] → 香港(HONG KONG)[1天] → 深圳蛇口(SHEKOU),广州南沙(NANSHA)[3天] → 马尼拉北(MANILA N)[1天] → 马尼拉南(MANILA S)[3天] → 香港(HONG KONG)[5天] → 天津(TIANJIN),0天
青岛,明日数航船期查询东南亚中国香港中国香港,3960987c1e3212b841128765d9e5ec94,EMC(HKH),大连(DALIAN)[1天] → 天津(TIANJIN)[2天] → 青岛(QINGDAO)[2天] → 群山(KUNSAN),宁波(NINGBO)[3天] → 香港(HONG KONG)[5天] → 大连(DALIAN),1天
青岛,明日数航船期查询东南亚印尼/菲律宾印度尼西亚雅加达,2330699e6e982db4d6f151e95ce4121e,MSC(PERTIWI),釜山新港(BUSAN NEW PORT)[5天] → 大连(DALIAN)[2天] → 天津(TIANJIN)[3天] → 青岛(QINGDAO)[5天] → 深圳蛇口(SHEKOU)[5天] → 新加坡(SINGAPORE)[2天] → 雅加达(JAKARTA),潘江(PANJANG)[2天] → 雅加达(JAKARTA)[3天] → 新加坡(SINGAPORE)[6天] → 香港(HONG KONG)[1天] → 广州南沙(NANSHA)[6天] → 釜山新港(BUSAN NEW PORT),2天
青岛,明日数航船期查询东南亚印尼/菲律宾印度尼西亚雅加达,f2521a1260fe2d3d4bfab54677ad33b9,MERATUS(CIDX),厦门(XIAMEN)[4天] → 青岛(QINGDAO)[2天] → 上海(SHANGHAI)[13天] → 雅加达(JAKARTA),泗水(SURABAYA)[2天] → 望加锡(MAKASSAR)[33天] → 厦门(XIAMEN),2天
青岛,明日数航船期查询东南亚印尼/菲律宾印度尼西亚雅加达,beae0494448922d3ce8a6a0082a465c5,MAERSK(INTRA ASIA 8),平泽(PYEONGTAEK)[1天] → 大山(DAESAN)[1天] → 大连(DALIAN)[1天] → 天津(TIANJIN)[4天] → 青岛(QINGDAO),雅加达(JAKARTA)[3天] → 泗水(SURABAYA)[6天] → 达沃(DAVAO)[9天] → 平泽(PYEONGTAEK),10天
青岛,明日数航船期查询东南亚印尼/菲律宾印度尼西亚雅加达,aef604b3b788b5018abd51b0ccaf1d78,WHL(CS3) | YML(CIM) | EMC(CIM),大连(DALIAN)[2天] → 天津(TIANJIN)[3天] → 青岛(QINGDAO)[3天] → 宁波(NINGBO)[8天] → 泗水(SURABAYA),雅加达(JAKARTA)[4天] → 新加坡(SINGAPORE)[2天] → 巴生西(PORT KELANG W)[6天] → 高雄(KAOHSIUNG)[4天] → 大连(DALIAN),3天
青岛,明日数航船期查询东南亚印尼/菲律宾印度尼西亚雅加达,f18aab974d4d0fb9ecef3ae1754493a3,RCL(RCI03) | 南星海运(KCI) | TSL(KCI) | SITC(CMI3) | ONE(KCI),釜山(BUSAN)[2天] → 青岛(QINGDAO)[2天] → 上海(SHANGHAI)[2天] → 宁波(NINGBO)[10天] → 雅加达(JAKARTA),泗水(SURABAYA)[6天] → 深圳蛇口(SHEKOU)[1天] → 厦门(XIAMEN)[3天] → 釜山(BUSAN),2天
青岛,明日数航船期查询东南亚印尼/菲律宾印度尼西亚雅加达,fc8166987ffe0ed2dae756119149f9ca,COSCO(NIS1) | CNC(KCSCNC) | 亚海航运(KCS) | SITC(KCS) | OOCL(CIP2) | KMTC(KCS),天津(TIANJIN)[2天] → 大连(DALIAN)[1天] → 连云港(LIANYUNGANG)[2天] → 青岛(QINGDAO)[9天] → 新加坡(SINGAPORE),雅加达(JAKARTA)[3天] → 泗水(SURABAYA)[8天] → 马尼拉北(MANILA N)[7天] → 天津(TIANJIN),3天
青岛,明日数航船期查询东南亚印尼/菲律宾印度尼西亚雅加达,a19b7a0b5bcacb97347cb69b3089c708,PIL(NCI) | X-PRESS(NJX) | 中谷物流(NJX) | 山东远洋(NJX) | HMM(NIS),天津(TIANJIN)[3天] → 青岛(QINGDAO)[5天] → 厦门(XIAMEN)[5天] → 新加坡(SINGAPORE),雅加达(JAKARTA)[4天] → 泗水(SURABAYA)[4天] → 新加坡(SINGAPORE)[10天] → 天津(TIANJIN),4天
青岛,明日数航船期查询东南亚印尼/菲律宾印度尼西亚雅加达,a06661bad4d155a140fde051650a113e,KMTC(CSE) | OOCL(CSE1) | COSCO(CSE),天津(TIANJIN)[1天] → 大连(DALIAN)[2天] → 青岛(QINGDAO)[2天] → 宁波(NINGBO)[4天] → 广州南沙(NANSHA),雅加达(JAKARTA)[3天] → 巴西古单(PASIR GUDANG)[2天] → 新加坡(SINGAPORE)[8天] → 天津(TIANJIN),6天
青岛,明日数航船期查询东南亚印尼/菲律宾印度尼西亚泗水,5e0990025edb36c8b79e116f816b74cf,MSC(DOLPHIN),青岛(QINGDAO)[2天] → 大连(DALIAN)[1天] → 天津(TIANJIN)[5天] → 高雄(KAOHSIUNG)[1天] → 广州南沙(NANSHA)[6天] → 巴生西(PORT KELANG W)[2天] → 新加坡(SINGAPORE),三宝垄(SEMARANG)[2天] → 泗水(SURABAYA)[3天] → 新加坡(SINGAPORE)[10天] → 海防(HAIPHONG)[6天] → 釜山新港(BUSAN NEW PORT)[5天] → 青岛(QINGDAO),6天
青岛,明日数航船期查询中东印巴红海印巴印度清奈,ace029aae671456270cc772ab586d2fc,IAL(CI5) | KMTC(FME2) | BTL(CCS) | WHL(CI5) | MTT(CCS),青岛(QINGDAO)[2天] → 釜山(BUSAN)[3天] → 上海(SHANGHAI)[4天] → 深圳蛇口(SHEKOU)[6天] → 新加坡(SINGAPORE)[2天] → 巴生西(PORT KELANG W)[1天] → 巴生北(PORT KELANG N),清奈(CHENNAI)[2天] → 卡图帕里(KATTUPALLI)[6天] → 巴生北(PORT KELANG N)[1天] → 新加坡(SINGAPORE)[1天] → 巴西古单(PASIR GUDANG)[6天] → 高雄(KAOHSIUNG)[3天] → 青岛(QINGDAO),5天
青岛,明日数航船期查询中东印巴红海印巴印度清奈,0394861477235755cf7efd181e95c4b9,阿联酋(EFEI) | TSL(IFX2) | 外运集运(CIE) | 锦江航运(IFX2) | RCL(RFM1) | 长锦(SIS3) | 兴亚(SIS3) | SLS(FIX1),青岛(QINGDAO)[2天] → 上海(SHANGHAI)[2天] → 宁波(NINGBO)[3天] → 深圳蛇口(SHEKOU)[9天] → 清奈(CHENNAI),维沙卡帕特南(VISAKHAPATNAM)[5天] → 巴生西(PORT KELANG W)[6天] → 深圳蛇口(SHEKOU)[5天] → 青岛(QINGDAO),3天
青岛,明日数航船期查询中东印巴红海印巴印度清奈,c02a79a56d1c52787035789b989ca752,SITC(FIE),天津(TIANJIN)[2天] → 青岛(QINGDAO)[2天] → 上海(SHANGHAI)[2天] → 宁波(NINGBO)[3天] → 深圳蛇口(SHEKOU)[9天] → 清奈(CHENNAI),维沙卡帕特南(VISAKHAPATNAM)[2天] → 霍尔迪亚(HALDIA)[4天] → 仰光(YANGON)[6天] → 胡志明福安港(HOCHIMINH--PHUOC AN)[6天] → 仁川(INCHON)[3天] → 天津(TIANJIN),3天
青岛,明日数航船期查询中东印巴红海印巴印度清奈,2f26d80d842cbb1ee4c90790fdd9b312,OOCL(FCS) | COSCO(FCS) | CMA(IEX) | TSL(IFX) | EMC(FME) | RCL(RFM3) | TRL(RFM3) | KMTC(FME),釜山(BUSAN)[2天] → 青岛(QINGDAO)[2天] → 上海(SHANGHAI)[3天] → 深圳蛇口(SHEKOU)[6天] → 新加坡(SINGAPORE)[2天] → 巴生西(PORT KELANG W),清奈(CHENNAI)[4天] → 维沙卡帕特南(VISAKHAPATNAM)[5天] → 巴生西(PORT KELANG W)[2天] → 新加坡(SINGAPORE)[5天] → 马尼拉北(MANILA N)[12天] → 釜山(BUSAN),6天
青岛,明日数航船期查询中东印巴红海印巴印度那瓦西瓦,8fdc733924f3832622027b1b2e2f9d80,MSC(SHIKRA),天津(TIANJIN)[2天] → 青岛(QINGDAO)[4天] → 上海(SHANGHAI)[1天] → 宁波(NINGBO)[3天] → 广州南沙(NANSHA)[5天] → 新加坡(SINGAPORE),那瓦西瓦(NHAVA SHEVA)[2天] → 蒙德拉(MUNDRA)[3天] → 卡拉奇SAPT港(KARACHI--SAPT)[9天] → 盖梅港(CAI MEP)[6天] → 宁波(NINGBO)[5天] → 天津(TIANJIN),9天
青岛,明日数航船期查询中东印巴红海印巴印度那瓦西瓦,e8083447ce75e3a9d79f5bbfddd028c4,EMC(CIX2) | UNIFEEDER(CIX) | 阿联酋(CIX2) | TSL(CIX2) | ONE(NCI),天津(TIANJIN)[2天] → 青岛(QINGDAO)[4天] → 高雄(KAOHSIUNG)[6天] → 新加坡(SINGAPORE)[1天] → 巴生西(PORT KELANG W)[8天] → 那瓦西瓦(NHAVA SHEVA),蒙德拉(MUNDRA)[6天] → 科伦坡(COLOMBO)[5天] → 巴生西(PORT KELANG W)[2天] → 新加坡(SINGAPORE)[11天] → 天津(TIANJIN),4天
青岛,明日数航船期查询中东印巴红海印巴印度那瓦西瓦,a650db0a9084d5bf746a12162b783cf6,KMTC(SPCIN),,,
青岛,明日数航船期查询中东印巴红海印巴印度那瓦西瓦,b119613138f7639e11656f06501fcdc6,IAL(ICI) | WHL(CI2) | COSCO(CI2) | RCL(RNI6),青岛(QINGDAO)[2天] → 上海(SHANGHAI)[3天] → 宁波(NINGBO)[4天] → 广州南沙(NANSHA)[6天] → 巴生西(PORT KELANG W),巴生北(PORT KELANG N)[7天] → 那瓦西瓦(NHAVA SHEVA)[3天] → 科钦(COCHIN)[6天] → 巴生北(PORT KELANG N)[10天] → 青岛(QINGDAO),1天
青岛,明日数航船期查询中东印巴红海印巴印度那瓦西瓦,d58b21c6b40a494f1ea9399f5677065c,锦江航运(NWX) | KMTC(NWX) | MAERSK(FI3) | X-PRESS(NWX) | ONE(NPI) | 山东远洋(NWX) | MTT(NWX) | TRL(NWX),青岛(QINGDAO)[3天] → 天津(TIANJIN)[4天] → 釜山新港(BUSAN NEW PORT)[8天] → 丹戎帕拉帕斯(TANJUNG PELEPAS)[3天] → 巴生北(PORT KELANG N)[7天] → 那瓦西瓦(NHAVA SHEVA),皮帕瓦(PIPAVAV)[2天] → 蒙德拉(MUNDRA)[2天] → 卡拉奇SAPT港(KARACHI--SAPT)[10天] → 新加坡(SINGAPORE)[8天] → 青岛(QINGDAO),2天
青岛,明日数航船期查询中东印巴红海印巴印度那瓦西瓦,fde220bf751818f705e32b85f4204f66,ZIM(CI4) | COSCO(AS1) | CMA(AS1) | OOCL(CPX3),青岛(QINGDAO)[3天] → 上海(SHANGHAI)[3天] → 宁波(NINGBO)[4天] → 深圳蛇口(SHEKOU)[6天] → 新加坡(SINGAPORE),那瓦西瓦(NHAVA SHEVA)[2天] → 蒙德拉(MUNDRA)[3天] → 卡拉奇SAPT港(KARACHI--SAPT)[10天] → 新加坡(SINGAPORE)[10天] → 青岛(QINGDAO),8天
青岛,明日数航船期查询中东印巴红海印巴印度那瓦西瓦,7dd77f4df02dde856ab26fe9ebd59613,X-PRESS(CWX2) | 亚海航运(CSX) | TRL(CSX) | PEAK(CWS2) | 中联航运(CSX) | RCL(RNI2) | 阿联酋(ECSX) | EMC(CIX8),青岛(QINGDAO)[4天] → 厦门(XIAMEN)[2天] → 广州南沙(NANSHA)[2天] → 深圳大铲湾(DA CHAN BAY)[5天] → 巴生西(PORT KELANG W),科伦坡(COLOMBO)[4天] → 那瓦西瓦(NHAVA SHEVA)[3天] → 蒙德拉(MUNDRA)[9天] → 巴生西(PORT KELANG W)[8天] → 青岛(QINGDAO),5天
青岛,明日数航船期查询中东印巴红海印巴印度那瓦西瓦,b3877fdb3351d8a786b7f153815b7e73,COSCO(AIS) | KMTC(AIS) | TSL(AIS) | 阿联酋(KCIS),青岛(QINGDAO)[2天] → 光阳(KWANGYANG)[1天] → 釜山新港(BUSAN NEW PORT)[2天] → 宁波(NINGBO)[3天] → 深圳蛇口(SHEKOU)[5天] → 新加坡(SINGAPORE)[2天] → 巴生西(PORT KELANG W),那瓦西瓦(NHAVA SHEVA)[3天] → 蒙德拉(MUNDRA)[2天] → 卡拉奇SAPT港(KARACHI--SAPT)[11天] → 巴生西(PORT KELANG W)[5天] → 香港(HONG KONG)[5天] → 青岛(QINGDAO),8天
青岛,明日数航船期查询非洲东非肯尼亚蒙巴萨,257128ae96eed00d5cee39c481ba98d5,ONE(EA3) | HPL(EA3) | ZIM(KYX) | PIL(EAS),青岛(QINGDAO)[2天] → 上海(SHANGHAI)[2天] → 宁波(NINGBO)[3天] → 广州南沙(NANSHA)[5天] → 新加坡(SINGAPORE)[1天] → 巴生西(PORT KELANG W),蒙巴萨(MOMBASA)[14天] → 巴生西(PORT KELANG W)[1天] → 新加坡(SINGAPORE)[5天] → 广州南沙(NANSHA)[4天] → 青岛(QINGDAO),12天
青岛,明日数航船期查询非洲东非肯尼亚蒙巴萨,4ffafcf797fafcedad2dd132414f548a,RCL(REA) | BLPL(FAS) | 可达利(FAS) | GFS(FAS) | TSL(EAXSG) | EMC(AEF2) | IAL(IEA) | KMTC(EAX) | 阿联酋(EFAX),青岛(QINGDAO)[2天] → 上海(SHANGHAI)[1天] → 宁波(NINGBO)[3天] → 广州南沙(NANSHA)[7天] → 巴生西(PORT KELANG W),达累斯萨拉姆(DAR ES SALAAM)[4天] → 蒙巴萨(MOMBASA)[14天] → 巴生西(PORT KELANG W)[9天] → 青岛(QINGDAO),16天
青岛,明日数航船期查询非洲东非肯尼亚蒙巴萨,0a669d4ffad56e3893d8f9fa10d9d6a8,CMA(ASEA2) | 中联航运(MFX) | BAL(MFX) | COSCO(EAX3) | 可达利(MFX) | EMC(AEF) | OOCL(EAX3),青岛(QINGDAO)[2天] → 上海(SHANGHAI)[1天] → 宁波(NINGBO)[3天] → 广州南沙(NANSHA)[6天] → 新加坡(SINGAPORE),巴生西(PORT KELANG W)[12天] → 蒙巴萨(MOMBASA)[14天] → 新加坡(SINGAPORE)[9天] → 青岛(QINGDAO),2天
青岛,明日数航船期查询东南亚新马越泰柬埔寨西哈努克,4632bdfcb27f4cf7be1f101fe765b54a,MAERSK(INTRA ASIA 9) | 锦江航运(IA9),仁川(INCHON)[2天] → 大连(DALIAN)[1天] → 天津(TIANJIN)[3天] → 青岛(QINGDAO)[4天] → 宁波(NINGBO)[6天] → 胡志明卡莱港(HOCHIMINH--CAT LAI)[2天] → 西哈努克(SIHANOUKVILLE),丹戎帕拉帕斯(TANJUNG PELEPAS)[2天] → 新加坡(SINGAPORE)[3天] → 胡志明SP ITC港(HOCHIMINH--SP ITC)[4天] → 香港(HONG KONG)[1天] → 广州南沙(NANSHA)[3天] → 仁川(INCHON),4天
青岛,明日数航船期查询拉丁美洲墨西哥墨西哥墨西哥曼萨尼约,53cea998684bfce35b29285c63081dc0,TSL(MEX) | 阿联酋(EMEX) | SLS(AMX) | RCL(RFL) | KMTC(AMX) | 长锦(SMX) | 外运集运(MEX),上海(SHANGHAI)[2天] → 青岛(QINGDAO)[2天] → 釜山(BUSAN),墨西哥曼萨尼约(MANZANILLO)[24天] → 上海(SHANGHAI),21天
青岛,明日数航船期查询拉丁美洲墨西哥墨西哥墨西哥曼萨尼约,3570922abe6794bf2926f4a4a76a3388,MSC(MEXICAS),宁波(NINGBO)[2天] → 上海(SHANGHAI)[4天] → 青岛(QINGDAO)[3天] → 釜山新港(BUSAN NEW PORT),拉萨罗卡德纳斯(LAZARO CARDENAS)[3天] → 墨西哥曼萨尼约(MANZANILLO)[5天] → 恩塞纳达(ENSENADA)[22天] → 宁波(NINGBO),17天
青岛,明日数航船期查询拉丁美洲墨西哥墨西哥墨西哥曼萨尼约,9df8ea879bb69fc3d0fcf6f2751c0ff5,COSCO(WSA8) | OOCL(TLP8),上海(SHANGHAI)[3天] → 青岛(QINGDAO)[16天] → 恩塞纳达(ENSENADA)[5天] → 墨西哥曼萨尼约(MANZANILLO),恩塞纳达(ENSENADA)[16天] → 横滨(YOKOHAMA)[4天] → 上海(SHANGHAI),5天
青岛,明日数航船期查询拉丁美洲墨西哥墨西哥墨西哥曼萨尼约,f21fdc240ce21352f38b08c5358695ee,MAERSK(AC2),上海(SHANGHAI)[4天] → 青岛(QINGDAO)[3天] → 釜山新港(BUSAN NEW PORT)[4天] → 横滨(YOKOHAMA)[15天] → 墨西哥曼萨尼约(MANZANILLO)[3天] → 拉萨罗卡德纳斯(LAZARO CARDENAS),波索尔哈(POSORJA)[4天] → 巴尔博亚(BALBOA)[6天] → 墨西哥曼萨尼约(MANZANILLO)[2天] → 拉萨罗卡德纳斯(LAZARO CARDENAS)[23天] → 上海(SHANGHAI),6天
青岛,明日数航船期查询东南亚新马越泰马来西亚槟城,580f3ecbeb8e46e436d696fe7a4e490b,OOCL(CSS3),青岛(QINGDAO)[2天] → 上海(SHANGHAI)[2天] → 厦门(XIAMEN)[2天] → 广州南沙(NANSHA)[5天] → 新加坡(SINGAPORE)[1天] → 巴西古单(PASIR GUDANG),巴生西(PORT KELANG W)[2天] → 槟城(PENANG)[2天] → 巴生西(PORT KELANG W)[5天] → 广州南沙(NANSHA)[5天] → 青岛(QINGDAO),2天
青岛,明日数航船期查询东南亚新马越泰马来西亚槟城,9ee08c3a3090ace0a546057f7b8acc23,MSC(SAMBAR),大连(DALIAN)[2天] → 仁川(INCHON)[3天] → 天津(TIANJIN)[3天] → 青岛(QINGDAO)[4天] → 深圳大铲湾(DA CHAN BAY)[3天] → 胡志明同奈港(HOCHIMINH--DONG NAI PORT)[3天] → 林查班(LAEM CHABANG)[3天] → 新加坡(SINGAPORE),槟城(PENANG)[3天] → 巴西古单(PASIR GUDANG)[1天] → 丹戎帕拉帕斯(TANJUNG PELEPAS)[1天] → 新加坡(SINGAPORE)[3天] → 盖梅港(CAI MEP)[6天] → 釜山新港(BUSAN NEW PORT)[3天] → 大连(DALIAN),4天
青岛,明日数航船期查询东南亚新马越泰马来西亚槟城,d5768c3568605517287a17f0b5755f57,CNC(KCM2CNC) | COSCO(KCM2) | TSL(KCM2),天津(TIANJIN)[3天] → 釜山新港(BUSAN NEW PORT)[4天] → 青岛(QINGDAO)[2天] → 宁波(NINGBO)[1天] → 上海(SHANGHAI)[2天] → 汕头(SHANTOU)[1天] → 深圳蛇口(SHEKOU)[6天] → 巴生西(PORT KELANG W),槟城(PENANG)[2天] → 巴生西(PORT KELANG W)[2天] → 新加坡(SINGAPORE)[6天] → 广州南沙(NANSHA)[4天] → 上海(SHANGHAI)[3天] → 青岛(QINGDAO)[4天] → 天津(TIANJIN),2天
青岛,明日数航船期查询东南亚新马越泰马来西亚丹戎帕拉帕斯,6488d5ff54ad3e66fef4a2dfccd1ed5c,MAERSK(AE15) | HPL(SE3),青岛(QINGDAO)[5天] → 光阳(KWANGYANG)[2天] → 宁波(NINGBO)[9天] → 丹戎帕拉帕斯(TANJUNG PELEPAS)[31天] → 塞得东港(PORT SAID EAST),亚勒姆贾(IZMIT--YARIMCA)[3天] → 伊斯坦布尔(ISTANBUL)[8天] → 塞得东港(PORT SAID EAST)[32天] → 新加坡(SINGAPORE)[10天] → 青岛(QINGDAO),5天
青岛,明日数航船期查询东南亚新马越泰马来西亚丹戎帕拉帕斯,ca708bdf0b904c74aed0c09fab3a6ab7,MAERSK(AE5) | HPL(NE4),青岛(QINGDAO)[6天] → 深圳盐田(YANTIAN)[6天] → 丹戎帕拉帕斯(TANJUNG PELEPAS)[30天] → 伦敦口岸(LONDON GATEWAY)[3天] → 汉堡(HAMBURG)[2天] → 不来梅哈芬(BREMERHAVEN),奥尔胡斯(AARHUS)[3天] → 哥德堡(GOTHENBURG)[3天] → 鹿特丹(ROTTERDAM)[31天] → 丹戎帕拉帕斯(TANJUNG PELEPAS)[10天] → 青岛(QINGDAO),4天
青岛,明日数航船期查询东南亚新马越泰马来西亚巴生西,5102174692b08c47bbf71fa96252aa0c,IAL(NFS) | MARIANA(KCS) | 南星海运(NFS) | PIL(KCS) | KMTC(KCM4) | ONE(KC2),釜山(BUSAN)[2天] → 仁川(INCHON)[1天] → 青岛(QINGDAO)[3天] → 上海(SHANGHAI)[8天] → 新加坡(SINGAPORE),巴生西(PORT KELANG W)[4天] → 胡志明卡莱港(HOCHIMINH--CAT LAI)[3天] → 深圳蛇口(SHEKOU)[5天] → 釜山(BUSAN),2天
青岛,明日数航船期查询东南亚新马越泰马来西亚巴生西,3954527c3c850b4440cb9b28d16e872e,YML(PA1) | OOCL(CSS1) | COSCO(PA1),大连(DALIAN)[1天] → 天津(TIANJIN)[3天] → 青岛(QINGDAO)[3天] → 宁波(NINGBO),新加坡(SINGAPORE)[1天] → 巴生西(PORT KELANG W)[7天] → 广州南沙(NANSHA)[6天] → 大连(DALIAN),7天
青岛,明日数航船期查询欧洲欧基港荷兰鹿特丹,0ae59bc3810e57fafc7d05c85863d29e,ONE(FE3) | YML(FE3) | MSC(CONDOR SERVICE) | HMM(FE3),青岛(QINGDAO)[4天] → 釜山新港(BUSAN NEW PORT)[3天] → 上海(SHANGHAI)[3天] → 厦门(XIAMEN)[7天] → 新加坡(SINGAPORE)[27天] → 阿尔赫西拉斯(ALGECIRAS),鹿特丹(ROTTERDAM)[4天] → 汉堡(HAMBURG)[4天] → 南安普顿(SOUTHAMPTON)[37天] → 新加坡(SINGAPORE)[6天] → 深圳盐田(YANTIAN)[5天] → 青岛(QINGDAO),5天
青岛,明日数航船期查询欧洲欧基港荷兰鹿特丹,1694e8251685d34035c142643c70da5c,HMM(FE5) | YML(FE5) | MSC(LION) | ONE(FE5),青岛(QINGDAO)[3天] → 丽水(YEOSU)[3天] → 宁波(NINGBO)[4天] → 上海(SHANGHAI)[5天] → 深圳盐田(YANTIAN)[6天] → 新加坡(SINGAPORE)[28天] → 锡尼什港(SINES)[5天] → 勒阿弗尔(LE HAVRE),汉堡(HAMBURG)[4天] → 鹿特丹(ROTTERDAM)[5天] → 安特卫普(ANTWERP)[4天] → 勒阿弗尔(LE HAVRE)[32天] → 阿布扎比(ABU DHABI)[2天] → 杰贝阿里(JEBEL ALI)[12天] → 新加坡(SINGAPORE)[10天] → 青岛(QINGDAO),3天
青岛,明日数航船期查询欧洲欧基港荷兰鹿特丹,60f12f611b3d221a58a829148ef4f10f,COSCO(AEU3) | OOCL(LL2) | EMC(NE3) | CMA(FAL2),天津(TIANJIN)[2天] → 大连(DALIAN)[2天] → 青岛(QINGDAO)[2天] → 上海(SHANGHAI)[2天] → 宁波(NINGBO)[7天] → 新加坡(SINGAPORE),鹿特丹(ROTTERDAM)[3天] → 汉堡(HAMBURG)[4天] → 安特卫普(ANTWERP)[41天] → 上海(SHANGHAI)[4天] → 天津(TIANJIN),31天
青岛,明日数航船期查询东南亚印尼/菲律宾菲律宾马尼拉北,0a6cc5cbb437b535d1d0131e7b6f6c57,外运集运(NCP) | COSCO(NCP),天津(TIANJIN)[2天] → 青岛(QINGDAO)[3天] → 上海(SHANGHAI),厦门(XIAMEN)[5天] → 马尼拉北(MANILA N)[10天] → 天津(TIANJIN),1天
青岛,明日数航船期查询东南亚印尼/菲律宾菲律宾马尼拉北,7f0a2ab2babc0cca0193bd9ab7c1ea33,COSCO(BMX) | CNC(BMXCNC),大连(DALIAN)[2天] → 天津(TIANJIN)[4天] → 青岛(QINGDAO)[4天] → 厦门(XIAMEN)[2天] → 汕头(SHANTOU)[1天] → 深圳蛇口(SHEKOU)[1天] → 广州南沙(NANSHA),马尼拉北(MANILA N)[1天] → 马尼拉南(MANILA S)[4天] → 达沃(DAVAO)[8天] → 釜山新港(BUSAN NEW PORT)[1天] → 马山(MASAN)[2天] → 大连(DALIAN),5天
青岛,明日数航船期查询东南亚印尼/菲律宾菲律宾马尼拉北,d5f78354542b206f37b2d748c81f0cc7,SITC(CPX6),天津(TIANJIN)[2天] → 烟台港(YANTAIGANG)[1天] → 青岛(QINGDAO)[3天] → 上海(SHANGHAI)[1天] → 温州港(WENZHOUGANG)[2天] → 厦门(XIAMEN),苏比克湾(SUBIC BAY)[2天] → 马尼拉北(MANILA N)[4天] → 宿务(CEBU)[3天] → 达沃(DAVAO)[8天] → 天津(TIANJIN),2天
青岛,明日数航船期查询东南亚印尼/菲律宾菲律宾马尼拉北,a4679483f420298bdaf99d9177d7e0d0,MAERSK(PHI 3),青岛(QINGDAO)[1天] → 仁川(INCHON)[3天] → 上海(SHANGHAI)[2天] → 宁波(NINGBO),马尼拉北(MANILA N)[1天] → 马尼拉南(MANILA S)[8天] → 青岛(QINGDAO),6天
青岛,明日数航船期查询东南亚印尼/菲律宾菲律宾马尼拉北,ca0760385d2ed8ecb3c963702f431491,亚海航运(NPX) | ZIM(NPX),青岛(QINGDAO)[2天] → 上海(SHANGHAI)[1天] → 宁波(NINGBO),马尼拉北(MANILA N)[6天] → 青岛(QINGDAO),5天
青岛,明日数航船期查询东南亚印尼/菲律宾菲律宾马尼拉南,fbe0ef72ddbd9aca7259f892102fb207,亚海航运(NPX2),日照港(RIZHAO)[1天] → 青岛(QINGDAO)[2天] → 上海(SHANGHAI),马尼拉南(MANILA S)[7天] → 日照港(RIZHAO),4天
青岛,明日数航船期查询东南亚印尼/菲律宾菲律宾马尼拉南,738ed24ac0cb05fc8453aaac5432ffea,SITC(CPX1),大连(DALIAN)[1天] → 天津(TIANJIN)[2天] → 青岛(QINGDAO)[2天] → 上海(SHANGHAI)[3天] → 温州港(WENZHOUGANG),马尼拉南(MANILA S)[6天] → 达沃(DAVAO)[4天] → 卡加延(CAGAYAN)[4天] → 上海(SHANGHAI)[3天] → 大连(DALIAN),3天
青岛,明日数航船期查询中东印巴红海中东沙特阿拉伯达曼,10a020e86f3bc14ecb9a5b02f51b4ab6,MSC(CLANGA),青岛(QINGDAO)[2天] → 上海(SHANGHAI)[2天] → 宁波(NINGBO)[4天] → 广州南沙(NANSHA)[5天] → 新加坡(SINGAPORE)[9天] → 蒙德拉(MUNDRA),达曼(DAMMAM)[4天] → 哈马德港(HAMAD PORT)[1天] → 巴林(BAHRAIN)[10天] → 科伦坡(COLOMBO)[13天] → 青岛(QINGDAO),6天
青岛,明日数航船期查询中东印巴红海红海沙特阿拉伯吉达,2eda48fc46506cb911e503a5829cf334,嘉华航运(EMX),,,
青岛,明日数航船期查询中东印巴红海红海沙特阿拉伯吉达,fb1859ebd7be4bf8cb442eb598dfa6aa,PIL(RS2) | MARIANA(RS2),青岛(QINGDAO)[3天] → 上海(SHANGHAI)[3天] → 宁波(NINGBO)[3天] → 广州南沙(NANSHA)[1天] → 深圳蛇口(SHEKOU)[5天] → 新加坡(SINGAPORE)[9天] → 吉布提(DJIBOUTI),吉达(JEDDAH)[2天] → 亚喀巴(AQABAH)[2天] → 苏科纳(SOKHNA)[5天] → 吉布提(DJIBOUTI)[12天] → 新加坡(SINGAPORE)[8天] → 青岛(QINGDAO),3天
青岛,明日数航船期查询中东印巴红海红海沙特阿拉伯吉达,17d23f888b04450cf4b53e4dfb620a69,可达利(FMS) | 中联航运(AEM) | VOLTA(5CX) | PEAK(CMS) | UGL(AEM) | BLPL(FMS) | ECCLINE(AEM) | GFS(FMS) | SLS(5CX),青岛(QINGDAO)[2天] → 上海(SHANGHAI)[3天] → 宁波(NINGBO)[3天] → 广州南沙(NANSHA)[19天] → 吉达(JEDDAH)[5天] → 亚历山大(ALEXANDRIA),阿利亚加(IZMIR--ALIAGA)[3天] → 伊斯坦布尔(ISTANBUL)[4天] → 梅尔辛(MERSIN)[5天] → 吉达(JEDDAH)[15天] → 巴生西(PORT KELANG W)[9天] → 青岛(QINGDAO),2天
青岛,明日数航船期查询中东印巴红海红海沙特阿拉伯吉达,92fb6facca4f84b4d25c8832e6c45042,WHL(FM1),青岛(QINGDAO)[2天] → 上海(SHANGHAI)[2天] → 宁波(NINGBO)[3天] → 广州南沙(NANSHA)[1天] → 深圳蛇口(SHEKOU)[5天] → 巴生北(PORT KELANG N)[11天] → 吉达(JEDDAH),亚历山大新港(EL DEKHEILA)[3天] → 艾维亚普(IZMIT--EVYAP)[1天] → 伊斯坦布尔(ISTANBUL)[4天] → 梅尔辛(MERSIN)[5天] → 吉达(JEDDAH)[12天] → 巴生北(PORT KELANG N)[7天] → 青岛(QINGDAO),7天
青岛,明日数航船期查询中东印巴红海红海沙特阿拉伯吉达,5ef3887702f8a558421d13e9afa650d2,海杰航运(MEDW),,,
青岛,明日数航船期查询中东印巴红海红海沙特阿拉伯吉达,38603dbac86427be875c8dfd9fdc2f58,吉航海运(CRS1),,,
青岛,明日数航船期查询中东印巴红海红海沙特阿拉伯吉达,8070052431cd8609edd569a36a6455ab,CMA(REX2),青岛(QINGDAO)[2天] → 上海(SHANGHAI)[3天] → 宁波(NINGBO)[4天] → 深圳蛇口(SHEKOU)[1天] → 广州南沙(NANSHA)[4天] → 新加坡(SINGAPORE),吉布提(DJIBOUTI)[4天] → 吉达(JEDDAH)[3天] → 苏科纳(SOKHNA)[4天] → 亚喀巴(AQABAH)[3天] → 吉达(JEDDAH)[23天] → 青岛(QINGDAO),12天
青岛,明日数航船期查询中东印巴红海红海沙特阿拉伯吉达,b20d83afafc824cc128788284ae8b15b,安福航运,,,
青岛,明日数航船期查询中东印巴红海红海沙特阿拉伯吉达,73b7a64f42d19e4f3fe2f7ee734f4815,OOCL(RS2) | COSCO(RES1) | 辰鑫航运(CXREX),青岛(QINGDAO)[3天] → 上海(SHANGHAI)[2天] → 宁波(NINGBO)[5天] → 广州南沙(NANSHA),吉达(JEDDAH)[4天] → 苏科纳(SOKHNA)[25天] → 青岛(QINGDAO),10天
青岛,明日数航船期查询中东印巴红海红海沙特阿拉伯吉达,07eba23cf686ee216eb57d2eaf41a983,EMC(RCS) | RCL(RCR) | TSL(RCX) | GFS(RCS) | 中联航运(LHT),上海(SHANGHAI)[2天] → 青岛(QINGDAO)[5天] → 广州南沙(NANSHA)[2天] → 深圳蛇口(SHEKOU)[18天] → 吉达(JEDDAH),苏科纳(SOKHNA)[2天] → 亚喀巴(AQABAH)[3天] → 吉达(JEDDAH)[21天] → 上海(SHANGHAI),3天
青岛,明日数航船期查询东南亚新马越泰新加坡新加坡,4547b4f89770f49eaf3640e098a43edd,HPL(SA1) | COSCO(ZAX3) | EMC(FAX) | ONE(SAC) | OOCL(SAF3) | PIL(FAX) | ZIM(SA1),青岛(QINGDAO)[2天] → 上海(SHANGHAI)[2天] → 宁波(NINGBO)[7天] → 新加坡(SINGAPORE)[15天] → 德班(DURBAN),新加坡(SINGAPORE)[4天] → 钦州(QINZHOU)[4天] → 上海(SHANGHAI)[3天] → 青岛(QINGDAO),19天
青岛,明日数航船期查询东南亚新马越泰泰国林查班,a3392fa61e5c75214ebbd7a6131860c4,泛洋(CVT) | 外运集运(CVTS) | 亚海航运(CVT2) | 森罗商船(CVT),仁川(INCHON)[2天] → 青岛(QINGDAO)[2天] → 上海(SHANGHAI)[6天] → 胡志明SP ITC港(HOCHIMINH--SP ITC),林查班(LAEM CHABANG)[5天] → 深圳蛇口(SHEKOU)[4天] → 仁川(INCHON),2天
青岛,明日数航船期查询东南亚新马越泰泰国林查班,cdc3755cc59bb5fef6d2e4ba4f4a870e,ONE(CTP) | 南星海运(CTP) | RCL(RLM),青岛(QINGDAO)[3天] → 釜山新港(BUSAN NEW PORT)[3天] → 上海(SHANGHAI)[6天] → 林查班(LAEM CHABANG),盖梅港(CAI MEP)[3天] → 马尼拉北(MANILA N)[3天] → 苏比克湾(SUBIC BAY)[6天] → 青岛(QINGDAO),4天
青岛,明日数航船期查询东南亚新马越泰泰国林查班,bf77a1f97ee1babf1a19b3d9044e434c,锦江航运(CTX2) | SITC(VTX5),连云港(LIANYUNGANG)[1天] → 青岛(QINGDAO)[8天] → 林查班(LAEM CHABANG)[1天] → 曼谷PAT港(BANGKOK--PAT)[2天] → 林查班(LAEM CHABANG)[3天] → 胡志明卡莱港(HOCHIMINH--CAT LAI),广州南沙(NANSHA)[3天] → 博多(HAKATA)[2天] → 大阪(OSAKA)[1天] → 神户(KOBE)[3天] → 连云港(LIANYUNGANG),4天
青岛,明日数航船期查询东南亚新马越泰泰国林查班,12967fdf1246798c2eb2520e184e81a9,锦江航运(CVT2),青岛(QINGDAO)[3天] → 上海(SHANGHAI)[4天] → 胡志明卡莱港(HOCHIMINH--CAT LAI),曼谷PAT港(BANGKOK--PAT)[3天] → 林查班(LAEM CHABANG)[7天] → 青岛(QINGDAO),4天
青岛,明日数航船期查询东南亚新马越泰泰国林查班,60e63d2e85fcb131790fb85fb5df2cc4,TSL(CHT) | 兴亚(CHT) | KMTC(CHT) | 长锦(CHT),仁川(INCHON)[2天] → 青岛(QINGDAO)[1天] → 上海(SHANGHAI)[7天] → 林查班(LAEM CHABANG)[1天] → 曼谷PAT港(BANGKOK--PAT),林查班(LAEM CHABANG)[4天] → 深圳蛇口(SHEKOU)[1天] → 香港(HONG KONG)[1天] → 厦门(XIAMEN)[2天] → 仁川(INCHON),2天
青岛,明日数航船期查询东南亚新马越泰泰国林查班,2417660c3bdd3c16bd45bbc7d13f6c3c,KMTC(CT2C) | COSCO(CT2) | CNC(CT2CNC),日照港(RIZHAO)[1天] → 青岛(QINGDAO)[2天] → 上海(SHANGHAI)[3天] → 厦门(XIAMEN),林查班(LAEM CHABANG)[6天] → 广州南沙(NANSHA)[4天] → 日照港(RIZHAO),5天
青岛,明日数航船期查询欧洲黑海土耳其伊斯坦布尔,a21f61dd0604d262b6af323981606ca7,AKKON(FES),,,
青岛,明日数航船期查询北美洲美西美国洛杉矶,9792908f0c87ae2d0308cdbf381ec839,CMA(EX1APL),青岛(QINGDAO)[2天] → 上海(SHANGHAI)[4天] → 釜山新港(BUSAN NEW PORT)[16天] → 洛杉矶(LOS ANGELES)[4天] → 奥克兰(OAKLAND),横滨(YOKOHAMA)[4天] → 那霸(NAHA)[3天] → 釜山新港(BUSAN NEW PORT)[3天] → 青岛(QINGDAO),13天
青岛,明日数航船期查询北美洲美西美国洛杉矶,1d4e7708090c3a5463909e96dd93754f,CMA(HBB) | COSCO(AAC2) | OOCL(PCN3) | EMC(CPS),青岛(QINGDAO)[2天] → 上海(SHANGHAI)[2天] → 宁波(NINGBO)[16天] → 洛杉矶(LOS ANGELES),奥克兰(OAKLAND)[17天] → 釜山新港(BUSAN NEW PORT)[3天] → 青岛(QINGDAO),9天
青岛,明日数航船期查询北美洲美西美国洛杉矶,eec9add58bb13072a26270979797516d,MAERSK(TP8) | HPL(WC2),天津(TIANJIN)[5天] → 青岛(QINGDAO)[3天] → 釜山新港(BUSAN NEW PORT)[4天] → 上海(SHANGHAI),洛杉矶(LOS ANGELES)[8天] → 奥克兰(OAKLAND)[20天] → 天津(TIANJIN),16天
青岛,明日数航船期查询北美洲美西美国长滩,e5268065010144e4a39bf7fe1f4c2afe,CMA(BOHAI) | COSCO(CEN) | EMC(CEN) | OOCL(PCN1) | YML(CEN),天津(TIANJIN)[3天] → 青岛(QINGDAO)[5天] → 上海(SHANGHAI),长滩(LONG BEACH)[8天] → 鲁珀特港(PRINCE RUPERT)[19天] → 天津(TIANJIN),14天
青岛,明日数航船期查询北美洲美西美国长滩,2913474771e1ff85b1964c51c089283a,SLS(AWC) | KMTC(APX),青岛(QINGDAO)[2天] → 上海(SHANGHAI)[1天] → 宁波(NINGBO)[3天] → 釜山新港(BUSAN NEW PORT),长滩(LONG BEACH)[19天] → 釜山新港(BUSAN NEW PORT)[3天] → 青岛(QINGDAO),14天
青岛,明日数航船期查询北美洲美西美国长滩,1a5bde00eafa489e0835239915f56fdb,YML(PS6) | HMM(PS6) | ONE(PS6) | 森罗商船(PS6),青岛(QINGDAO)[2天] → 宁波(NINGBO)[3天] → 上海(SHANGHAI)[5天] → 光阳(KWANGYANG)[2天] → 釜山新港(BUSAN NEW PORT)[14天] → 长滩(LONG BEACH),奥克兰(OAKLAND)[15天] → 釜山新港(BUSAN NEW PORT)[2天] → 光阳(KWANGYANG)[2天] → 仁川(INCHON)[3天] → 青岛(QINGDAO),8天
青岛,明日数航船期查询北美洲美西美国长滩,954554d3d1fec72edeaadcd5008c1ddc,森罗商船(CPX) | HMM(CPX),青岛(QINGDAO)[2天] → 上海(SHANGHAI)[2天] → 宁波(NINGBO)[3天] → 釜山新港(BUSAN NEW PORT)[11天] → 长滩(LONG BEACH),波特兰(PORTLAND)[15天] → 釜山新港(BUSAN NEW PORT)[1天] → 光阳(KWANGYANG)[2天] → 青岛(QINGDAO),6天
青岛,明日数航船期查询北美洲美东美国纽约,29e44a60ce61a75e2e752d1d1c2cd63f,OOCL(ECX2) | EMC(NUE2) | COSCO(AWE2) | CMA(MANB),天津(TIANJIN)[2天] → 青岛(QINGDAO)[3天] → 宁波(NINGBO)[2天] → 上海(SHANGHAI)[3天] → 釜山新港(BUSAN NEW PORT),纽约(NEW YORK)[4天] → 诺福克(NORFOLK)[3天] → 萨瓦纳(SAVANNAH)[34天] → 天津(TIANJIN),26天
青岛,明日数航船期查询北美洲美东美国纽约,1268df227e5265b8105ddebaf6e02aab,EMC(NUE) | COSCO(AWE1) | OOCL(ECC2) | CMA(VESPUCCI),青岛(QINGDAO)[3天] → 上海(SHANGHAI)[2天] → 宁波(NINGBO)[3天] → 釜山新港(BUSAN NEW PORT)[21天] → 科隆（CCT）(COLON（CCT）)[6天] → 萨瓦纳(SAVANNAH),查尔斯顿(CHARLESTON)[4天] → 波士顿(BOSTON)[2天] → 纽约(NEW YORK)[8天] → 科隆（CCT）(COLON（CCT）)[26天] → 青岛(QINGDAO),2天
青岛,明日数航船期查询北美洲美东美国纽约,8ada417425de11175095b1bf993b5315,ZIM(ZNS) | MSC(EMPIRE SERVICE),青岛(QINGDAO)[3天] → 上海(SHANGHAI)[2天] → 宁波(NINGBO)[2天] → 釜山新港(BUSAN NEW PORT)[30天] → 纽约(NEW YORK)[3天] → 巴尔的摩(BALTIMORE),杰克逊维尔(JACKSONVILLE)[2天] → 迈阿密(MIAMI)[4天] → 罗德曼(RODMAN)[23天] → 釜山新港(BUSAN NEW PORT)[4天] → 青岛(QINGDAO),4天
青岛,明日数航船期查询东南亚新马越泰越南海防,7dd0f265320a191c65aa92971041bb54,EMC(KTH),博多(HAKATA)[1天] → 釜山新港(BUSAN NEW PORT)[1天] → 光阳(KWANGYANG)[1天] → 仁川(INCHON)[3天] → 青岛(QINGDAO)[2天] → 台北(TAIPEI),高雄(KAOHSIUNG)[4天] → 海防(HAIPHONG)[3天] → 高雄(KAOHSIUNG)[2天] → 台北(TAIPEI)[3天] → 博多(HAKATA),1天
青岛,明日数航船期查询东南亚新马越泰越南海防,24adf156f53485d3abf993aac0ad5dd0,天敬海运(KCH) | 泛洋(KCH),仁川(INCHON)[2天] → 青岛(QINGDAO)[1天] → 宁波(NINGBO),海防(HAIPHONG)[3天] → 深圳蛇口(SHEKOU)[4天] → 仁川(INCHON),4天
青岛,明日数航船期查询东南亚新马越泰越南海防,f59fdded965711675735b423a8bfd719,锦江航运(CHH3),青岛(QINGDAO)[2天] → 上海(SHANGHAI)[4天] → 广州南沙(NANSHA),海防(HAIPHONG)[5天] → 上海(SHANGHAI)[1天] → 青岛(QINGDAO),2天
青岛,明日数航船期查询东南亚新马越泰越南海防,32c04e95917b4ab935c6fe3f35469ed2,外运集运(CHS2),青岛(QINGDAO)[2天] → 宁波(NINGBO),海防(HAIPHONG)[7天] → 青岛(QINGDAO),5天
青岛,明日数航船期查询东南亚新马越泰越南海防,642c0f4fdc3361019a3f516ce19202ce,东暎海运(IQH) | 中联航运(IQH) | 泛洲海运(IQH) | 东进商船(IQH1),仁川(INCHON)[1天] → 青岛(QINGDAO)[5天] → 海防(HAIPHONG),深圳蛇口(SHEKOU)[1天] → 厦门(XIAMEN)[4天] → 仁川(INCHON),3天
青岛,明日数航船期查询东南亚新马越泰越南海防,4d2522fe8c3ec9cdad027bb862e85553,COSCO(CYH),天津(TIANJIN)[1天] → 大连(DALIAN)[2天] → 青岛(QINGDAO)[1天] → 连云港(LIANYUNGANG)[2天] → 宁波(NINGBO),洋浦港(YANGPUGANG)[3天] → 海防(HAIPHONG)[2天] → 香港(HONG KONG)[6天] → 天津(TIANJIN),4天
青岛,明日数航船期查询东南亚新马越泰越南海防,f9780ce58486e36ad3347b5704918f78,SITC(CKV),仁川(INCHON)[2天] → 大连(DALIAN)[1天] → 天津(TIANJIN)[2天] → 青岛(QINGDAO)[6天] → 海防(HAIPHONG),茱莱(CHU LAI)[2天] → 岘港(DANANG)[2天] → 深圳蛇口(SHEKOU)[4天] → 仁川(INCHON),2天
青岛,明日数航船期查询东南亚新马越泰越南胡志明,4611b7798195aeb279e43db131cf4da5,EMC(NCI),天津(TIANJIN)[2天] → 大连(DALIAN)[2天] → 青岛(QINGDAO)[1天] → 群山(KUNSAN)[2天] → 宁波(NINGBO)[3天] → 广州南沙(NANSHA)[3天] → 胡志明卡莱港(HOCHIMINH--CAT LAI),归仁港(QUI NHON)[1天] → 岘港(DANANG)[2天] → 海防(HAIPHONG)[4天] → 深圳盐田(YANTIAN)[1天] → 香港(HONG KONG)[5天] → 天津(TIANJIN),2天
青岛,明日数航船期查询东南亚新马越泰越南胡志明,fd2fd16b37041344965415d4fe7520ba,COSCO(CV2) | EMC(CV2) | OOCL(CHL5),青岛(QINGDAO)[2天] → 宁波(NINGBO)[6天] → 胡志明卡莱港(HOCHIMINH--CAT LAI),上海(SHANGHAI)[7天] → 胡志明卡莱港(HOCHIMINH--CAT LAI)[7天] → 青岛(QINGDAO),6天
青岛,明日数航船期查询非洲南非南非德班,8da0ae180052b50fe9de869a7c11f445,MSC(INGWE SERVICE),青岛(QINGDAO)[3天] → 上海(SHANGHAI)[3天] → 宁波(NINGBO)[3天] → 深圳蛇口(SHEKOU)[5天] → 新加坡(SINGAPORE)[10天] → 路易斯港(PORT LOUIS)[7天] → 库哈(PORT ELIZABETH--COEGA),德班(DURBAN)[13天] → 路易斯港(PORT LOUIS)[8天] → 科伦坡(COLOMBO)[5天] → 新加坡(SINGAPORE)[8天] → 香港(HONG KONG)[7天] → 青岛(QINGDAO),5天